place,title,time,pay,date
충북 청주시, 롤링파스타 청주성안로점,17:00~21:30,"시급8,600",1분전
경기 수원시, 더본코리아 홍콩반점0410 수원장안구,10:30~22:00,"월급2,640,000",6분전
인천 남동구, 더본코리아 롤링파스타 인천구월점,12:00~20:00,"시급8,590",7분전
경기 용인시, 더본코리아 홍콩반점0410 수지구청점,10:00~21:00,"월급2,470,000",14분전
서울 광진구, 더본코리아 리춘시장 건대지점,18:00~03:00,"월급2,805,860",23분전
인천 연수구, 더본코리아 홍콩반점0410 인천송도점,10:00~21:00,"월급1,900,000",30분전
경남 창원시, 홍콩반점0410 창원메트로시티점,10:30~16:00,"시급8,590",32분전
경남 창원시, 홍콩반점0410 창원메트로시티점,10:30~15:30,"시급8,590",32분전
경남 창원시, 홍콩반점0410 창원메트로시티점,10:30~22:00,"월급2,600,000",33분전
부산 연제구, 더본코리아 홍콩반점0410 부산연산동,09:30~21:20,"월급2,050,000",34분전
부산 해운대, 더본코리아 홍콩반점0410 해운대역점,11:00~22:00,"월급2,200,000",38분전
서울 강서구, 더본코리아 홍콩반점0410 까치산역점,10:30~22:30,"월급2,600,000",39분전
부산 연제구, 더본코리아 홍콩반점0410 부산연산동,09:30~21:20,"월급2,050,000",39분전
대구 수성구, 새마을식당 대구범어점,01:00~00:00,"월급2,200,000",39분전
서울 광진구, 더본코리아 홍콩반점0410 건대입구역,11:00~23:00,"월급2,800,000",43분전
인천 부평구, 더본코리아 한신포차 인천삼산점,16:30~05:30,"시급8,590",43분전
부산 연제구, 더본코리아 홍콩반점0410 부산연산동,09:30~21:20,"월급2,350,000",44분전
대전 유성구, 더본코리아 역전우동0410 충남대점,16:00~22:00,"월급1,300,000",45분전
경기 성남시, 더본코리아 미정국수0410 모란역점,07:00~14:00,"시급8,590",45분전
강원 원주시, 더본코리아 홍콩반점0410 원주단계점,22:00~10:00,"월급2,450,000",47분전
경기 오산시, 더본코리아 역전우동0410 오산역점,10:00~22:30,"월급1,850,000",48분전
경기 오산시, 더본코리아 역전우동0410 오산역점,10:00~22:30,"월급1,850,000",49분전
경기 오산시, 더본코리아 역전우동0410 오산역점,10:00~22:30,"월급1,850,000",49분전
경기 오산시, 더본코리아 역전우동0410 오산역점,10:00~22:30,"월급1,850,000",50분전
부산 연제구, 더본코리아 홍콩반점0410 부산연산동,09:30~21:20,"월급2,550,000",51분전
인천 부평구, 더본코리아 한신포차 인천삼산점,16:30~05:30,"시급8,590",55분전
서울 서초구, 더본코리아 원조쌈밥집 양재지점,10:00~22:00,"월급2,350,000",57분전
경기 김포시, 더본코리아 역전우동0410 김포구래점,10:00~22:00,"월급2,600,000",59분전
광주 광산구, 더본코리아 한신포차 광주상무점,10:00~20:00,"월급2,300,000",1시간전
서울 용산구, 더본코리아 홍콩반점0410 문배지점,10:30~20:30,"월급2,400,000",1시간전
인천 서구, 더본코리아 홍콩반점0410 인천청라점,10:30~22:30,"월급2,000,000",1시간전
대구 중구, 역전우동0410 대구반월당역점,17:00~22:00,"시급8,600",1시간전
충남 아산시, 새마을식당 아산신용화점,18:30~22:00,"시급8,590",1시간전
인천 서구, 더본코리아 홍콩반점0410 인천청라점,11:00~21:00,"시급8,590",1시간전
경기 시흥시, 홍콩반점0410 시흥배곧신도시점,10:30~22:30,"월급2,500,000",1시간전
인천 부평구, 더본코리아 롤링파스타 부평로데오점,17:00~22:00,"시급8,590",1시간전
강원 원주시, 더본코리아 홍콩반점0410 원주단계점,22:00~10:00,"월급2,450,000",1시간전
경남 창원시, 더본코리아 홍콩반점0410 창원어반브,11:00~21:00,"시급8,590",1시간전
경기 광명시, 더본코리아 홍콩반점0410 광명철산점,10:30~22:30,"월급2,600,000",1시간전
부산 북구, 미정국수0410 부산화명역점,18:00~23:00,"시급8,590",1시간전
부산 기장군, 더본코리아 본가 정관신도시점,10:30~10:00,"월급2,000,000",1시간전
경남 김해시, 더본코리아 홍콩반점0410 김해내동,09:30~21:30,"월급2,800,000",1시간전
강원 춘천시, 더본코리아 역전우동0410 춘천석사점,12:00~22:00,"시급9,000",1시간전
경기 오산시, 더본코리아 한신포차 오산궐동점,19:00~24:00,"시급9,000",1시간전
인천 연수구, 더본코리아 홍콩반점0410 인천송도점,11:00~22:00,"월급2,500,000",1시간전
경남 김해시, 더본코리아 홍콩반점0410 김해내동,09:30~21:30,"월급2,800,000",1시간전
충북 충주시, 새마을식당 충주신연수점,17:30~05:30,"월급2,200,000",2시간전
충북 충주시, 새마을식당 충주신연수점,17:30~05:30,"월급2,200,000",2시간전
서울 강서구, 더본코리아 한신포차 마곡나루역점,19:00~05:00,"월급2,490,000",2시간전
인천 서구, 더본코리아 홍콩반점0410 인천청라점,10:30~22:30,"월급2,000,000",2시간전
서울 노원구, 제트콜 서울노원상계총판-배달대행,10:00~02:00,"건별3,300",1시간전
충북 청주시, 제트콜 청주상당,11:00~01:00,"월급3,000,000",1시간전
충북 청주시, 제트콜 청주상당,11:00~01:00,"월급3,000,000",1시간전
충북 청주시, 제트콜 청주상당,11:00~01:00,"월급3,000,000",1시간전
서울 성북구, 제트콜 서울강북월곡-배달대행,18:00~24:00,"건별3,200",1시간전
서울 성북구, 제트콜 서울강북월곡-배달대행,18:00~24:00,"건별3,200",1시간전
서울 성북구, 제트콜 서울강북월곡-배달대행,18:00~24:00,"건별3,200",1시간전
서울 강북구, 제트콜 서울강북미아지사-배달대행,08:30~02:00,"건별3,200",2시간전
서울 강북구, 제트콜 서울강북미아지사-배달대행,08:30~02:00,"건별3,200",2시간전
서울 강북구, 제트콜 서울강북미아지사-배달대행,08:30~02:00,"건별3,200",2시간전
대구 달서구, (주)제트콜 대구사업본부-배달대행,11:00~02:00,"건별3,000",2시간전
대구 달서구, 제트콜 대구사업본부,18:00~24:00,"시급20,000",2시간전
경기 평택시, 제트콜 평택포승지사,10:30~03:00,"월급4,000,000",3시간전
경기 평택시, 제트콜 평택포승지사,10:30~03:00,"월급4,000,000",3시간전
서울 노원구, 제트콜 서울노원지사-배달대행,10:00~02:00,"건별3,300",3시간전
서울 노원구, 제트콜 서울노원지사-배달대행,10:00~02:00,"건별3,300",3시간전
서울 노원구, 제트콜 서울노원지사-배달대행,10:00~02:00,"건별3,300",3시간전
서울 동대문, 제트콜 서울동대문구1지사-배달대행,11:00~23:00,"시급20,000",5시간전
서울 동대문, 제트콜 서울동대문구1지사-배달대행,11:00~23:00,"시급20,000",5시간전
서울 동대문, 제트콜 서울동대문구1지사-배달대행,11:00~23:00,"시급20,000",5시간전
부산 해운대, (주)제트콜 부산해운대지사-배달대행,10:00~03:00,"건별4,000",7시간전
부산 해운대, (주)제트콜 부산해운대지사-배달대행,10:00~03:00,"일급180,000",7시간전
부산 해운대, (주)제트콜 부산해운대지사-배달대행,10:00~03:00,"건별4,000",7시간전
서울 도봉구, 제트콜 서울쌍문지사-배달대행,10:00~10:00,"시급20,000",7시간전
서울 도봉구, 제트콜 서울쌍문지사-배달대행,10:00~10:00,"시급20,000",7시간전
서울 도봉구, 제트콜 서울쌍문지사-배달대행,10:00~10:00,"시급20,000",7시간전
부산 부산진, 제트콜 부산사업본부,11:00~00:50,"시급15,000",8시간전
부산 부산진, 제트콜 부산사업본부,11:00~00:50,"시급15,000",8시간전
부산 연제구, 제트콜 부산사업본부,11:00~00:50,"시급15,000",8시간전
부산 동래구, 제트콜 제트콜부산안락지사-배달대행,11:00~01:00,"월급4,000,000",12시간전
부산 동래구, 제트콜 제트콜부산안락지사-배달대행,11:00~01:00,"월급4,000,000",12시간전
부산 동래구, 제트콜 제트콜부산안락지사-배달대행,11:00~01:00,"월급4,000,000",12시간전
부산 수영구, 제트콜 부산수영총판-배달대행,07:00~07:00,"일급150,000",16시간전
부산 수영구, 제트콜 부산수영총판-배달대행,07:00~07:00,"일급150,000",16시간전
부산 수영구, 제트콜 부산수영총판-배달대행,07:00~07:00,"일급150,000",16시간전
부산 부산진, 제트콜 부산서면총판-배달대행,09:00~08:00,"일급150,000",16시간전
부산 부산진, 제트콜 부산서면총판-배달대행,09:00~08:00,"일급150,000",16시간전
부산 부산진, 제트콜 부산서면총판-배달대행,09:00~08:00,"일급150,000",16시간전
부산 남구, 제트콜 부산문전총판-배달대행,09:00~02:00,"일급150,000",17시간전
부산 남구, 제트콜 부산문전총판-배달대행,09:00~02:00,"일급150,000",17시간전
부산 남구, 제트콜 부산남구총판-배달대행,09:00~03:00,"일급150,000",17시간전
부산 남구, 제트콜 부산남구총판-배달대행,09:00~03:00,"일급150,000",17시간전
부산 남구, 제트콜 부산남구총판-배달대행,09:00~03:00,"일급150,000",04/19
인천 남동구, 제트콜 인천송현지사-배달대행,11:00~01:00,"일급250,000",04/17
인천 중구, 제트콜 인천송현지사-배달대행,11:00~01:00,"일급250,000",04/17
인천 미추홀, 제트콜 인천송현지사-배달대행,11:00~01:00,"일급250,000",04/17
인천 미추홀, 제트콜 인천중동구지사-배달대행,10:00~02:00,"일급250,000",04/16
인천 전체, 제트콜 인천중동구지사-배달대행,11:00~02:00,"일급250,000",04/16
인천 전체, 제트콜 인천중동구지사-배달대행,11:00~02:00,"일급250,000",04/16
서울 도봉구, 제트콜 서울도봉지사-배달대행,09:00~09:00,"일급250,000",04/16
서울 은평구, 호식이두마리치킨 북가좌1호점,12:00~24:00,"월급2,600,000",41분전
경기 안산시, 호식이두마리치킨 고잔1호점,18:00~22:00,"시급8,590",49분전
서울 관악구, 호식이두마리치킨 대학점,18:00~23:00,"시급8,590",5시간전
대전 대덕구, 호식이두마리치킨 신탄진점,17:00~23:00,"시급9,000",10시간전
전북 전주시, 호식이두마리치킨 전주혁신도시점,18:00~00:00,"시급8,590",04/19
경기 평택시, 포승점,18:00~20:00,"시급9,000",04/17
서울 은평구, 호식이두마리치킨 북가좌1호점,12:00~24:00,"월급2,600,000",04/16
서울 송파구, 호식이두마리치킨 송파위례점,17:00~22:00,"시급9,000",04/15
서울 은평구, 호식이두마리치킨 북가좌1호점,12:00~24:00,"월급2,600,000",04/15
경기 남양주, 호식이두마리치킨 진접금곡점,18:00~23:00,"시급8,600",04/14
부산 남구, 호식이두마리치킨 용호점,18:00~22:00,"시급8,590",04/11
경기 성남시, 호식이두마리치킨 정자점(분당),18:00~23:00,"시급8,600",04/09
경기 평택시, 호식이두마리치킨 평택1호점,17:00~23:00,"시급10,000",04/08
인천 서구, 호식이두마리치킨 인천연희점,18:00~23:00,"시급8,590",04/04
서울 서초구, 농협유통 양재점,11:00~20:00,"시급8,590",1시간전
서울 송파구, 농협유통 방이역점,10:00~18:00,"시급9,000",04/17
서울 강남구, 농협유통 양재점,08:00~20:00,"시급8,590",04/17
서울 서초구, 농협유통 양재점,08:00~22:00,"시급8,590",04/17
경기 용인시, 농협 하나로마트 광교점,08:00~17:00,"시급8,590",04/16
서울 강남구, 농협 하나로마트 대치점,09:00~18:00,"시급8,590",04/09
경기 부천시, (주)이마트,10:00~22:00,"시급9,700",2시간전
충남 아산시, (주)이마트트레이더스천안아산점,00:00~23:00,"시급9,700",4시간전
충남 아산시, (주)이마트트레이더스천안아산점,00:00~23:00,"시급10,620",4시간전
세종 가람동, 이마트 세종점,08:00~23:00,"시급9,700",4시간전
경기 용인시, (주)이마트트레이더스구성점,09:00~17:00,"시급9,700",12시간전
전남 순천시, (주)이마트순천점,07:00~23:00,"시급9,700",13시간전
충남 아산시, (주)이마트트레이더스천안아산점,00:00~23:00,"시급9,700",16시간전
경기 이천시, (주)이마트 이천점,09:00~17:00,"시급9,700",17시간전
경기 하남시, 트레이더스 하남점,07:00~23:00,"시급10,620",04/19
경기 용인시, (주)이마트죽전점,10:00~18:00,"시급10,620",04/19
경기 안산시, 트레이더스 안산점,09:00~17:00,"시급9,700",04/19
서울 노원구, (주)이마트 트레이더스 월계점,22:00~06:00,"시급9,700",04/19
경기 성남시, (주)이마트 분당점,09:00~23:00,"시급9,700",04/18
경기 양주시, (주)이마트 양주점,08:00~16:00,"시급9,700",04/18
대전 서구, 이마트 트레이더스 월평점,06:00~00:00,"시급10,620",04/18
강원 원주시, 이마트 원주점,10:00~18:00,"시급9,700",04/16
경기 하남시, 트레이더스 하남점,07:00~23:00,"시급10,620",04/15
충남 아산시, (주)이마트트레이더스천안아산점,00:00~23:00,"시급9,700",04/15
서울 노원구, (주)이마트 트레이더스,09:00~17:00,"시급10,620",04/14
경기 여주시, 이마트 여주점,09:00~23:00,"시급9,700",04/14
충남 아산시, (주)이마트트레이더스천안아산점,00:00~23:00,"시급9,700",04/13
경기 하남시, 트레이더스 하남점,07:00~23:00,"시급10,620",04/08
경기 여주시, 이마트 여주점,09:00~23:00,"시급9,700",04/07
경기 하남시, 트레이더스 하남점,07:00~23:00,"시급10,620",04/06
서울 송파구, (주)이마트 가든5점,08:00~23:10,"시급9,700",04/06
경기 여주시, 이마트 여주점,09:00~23:00,"시급9,700",04/05
경기 오산시, 이마트 오산점,09:00~23:10,"시급9,700",04/04
경기 여주시, (주)캘리스코 히바린 여주첼시점,17:00~21:00,"시급8,590",1시간전
서울 영등포, 사보텐여의도메리츠점,10:00~02:30,"시급8,590",2시간전
경기 여주시, (주)캘리스코 히바린 여주첼시점,17:00~21:00,"시급8,590",3시간전
서울 영등포, 사보텐여의도메리츠점,11:30~02:30,"시급8,700",7시간전
경기 여주시, (주)캘리스코 히바린 여주첼시점,17:00~21:00,"시급8,590",17시간전
서울 용산구, 히바린 이태원점,06:00~11:00,"시급8,590",04/13
서울 영등포, 사보텐 경방타임스퀘어점,17:00~22:00,"시급8,590",04/10
서울 용산구, 히바린 이태원점,06:00~11:00,"시급8,590",04/05
서울 용산구, 히바린 이태원점,06:00~11:00,"시급8,590",04/04
경남 창원시, 사보텐 롯데창원점,10:00~16:00,"시급8,590",04/04
경기 성남시, 현대백화점 판교점,09:30~19:00,"시급8,600",3시간전
서울 강동구, 현대백화점 천호점,10:00~20:30,"시급8,600",4시간전
서울 강남구, 현대백화점 무역센터점,10:00~20:00,"시급8,600",04/19
경기 부천시, 현대백화점 중동점,13:00~18:00,"시급9,500",04/17
울산 동구, 현대백화점동구점,08:30~18:00,"월급2,667,000",04/15
서울 구로구, 현대백화점 디큐브시티,11:00~20:00,"건별20,000",04/14
서울 강남구, (주)현대백화점,08:30~18:00,"시급8,600",04/13
부산 동구, 주식회사 현대백화점 부산점,13:00~17:00,"시급8,600",04/11
서울 구로구, 현대백화점 디큐브시티,09:30~19:00,"시급8,600",04/11
대구 중구, 현대백화점,09:00~18:00,"시급8,600",04/11
서울 강남구, 현대백화점,09:30~18:30,"시급9,410",04/10
경기 파주시, 육대장 파주문산,11:00~19:00,"시급8,590",04/17
경기 파주시, 육대장 파주문산,11:00~14:00,"시급8,590",04/12
경기 화성시, 육대장 신영통 반도체점,10:30~14:30,"시급9,000",04/07
인천 부평구, 아이스크림홈런 공부방 남인천지국,13:00~18:00,"월급1,800,000",2시간전
경기 성남시, 아이스크림홈런 공부방 수원지국,13:00~18:00,"월급1,800,000",2시간전
경기 수원시, 아이스크림홈런 공부방 수원지국,13:00~18:00,"월급1,800,000",2시간전
경기 수원시, 아이스크림홈런 공부방 수원지국,13:00~18:00,"월급1,800,000",2시간전
대구 수성구, 아이스크림홈런 공부방 동대구지국,13:00~18:00,"월급1,800,000",2시간전
대구 수성구, 아이스크림홈런 공부방 동대구지국,13:00~18:00,"월급1,800,000",2시간전
대구 수성구, 아이스크림홈런 공부방 동대구지국,13:00~18:00,"월급1,800,000",2시간전
경기 수원시, 아이스크림홈런 공부방 수원지국,13:00~18:00,"월급1,800,000",2시간전
경기 수원시, 아이스크림홈런 공부방 수원지국,13:00~18:00,"월급1,800,000",2시간전
경기 안산시, 아이스크림홈런 공부방 시흥지국,13:00~18:00,"건별2,000,000",3시간전
경기 안산시, 아이스크림홈런 공부방 시흥지국,13:00~18:00,"건별2,000,000",3시간전
경기 시흥시, 아이스크림홈런 공부방 시흥지국,13:00~18:00,"건별2,000,000",3시간전
인천 서구, 아이스크림홈런 공부방 북인천지국,13:00~19:00,"건별1,800,000",4시간전
부산 사하구, 아이스크림홈런 공부방 부산서부지국,13:00~18:00,"월급1,800,000",4시간전
부산 강서구, 아이스크림홈런 공부방 부산서부지국,13:00~18:00,"월급1,800,000",5시간전
경기 남양주, 아이스크림홈런 공부방 강북지국,13:00~18:00,"월급2,000,000",6시간전
서울 도봉구, 아이스크림홈런 공부방 강북지국,13:00~18:00,"월급2,000,000",6시간전
경기 구리시, 아이스크림홈런 공부방 강북지국,13:00~18:00,"월급2,000,000",6시간전
전남 나주시, 아이스크림홈런 공부방 광주지국,13:00~18:00,"월급1,800,000",6시간전
서울 중구, 아이스크림홈런 공부방 은평지국,13:00~18:00,"월급1,800,000",6시간전
광주 전체, 아이스크림홈런 공부방 광주지국,13:00~18:00,"월급1,800,000",6시간전
인천 서구, 아이스크림홈런 공부방 북인천지국,13:00~19:00,"건별1,800,000",7시간전
대구 달성군, 아이스크림홈런 공부방 남대구지국,13:00~18:00,"월급1,800,000",14시간전
대구 중구, 아이스크림홈런 공부방 남대구지국,13:00~18:00,"월급1,800,000",14시간전
대구 달서구, 아이스크림홈런 공부방 남대구지국,13:00~18:00,"월급1,800,000",14시간전
서울 관악구, 아이스크림홈런 공부방 영등포지국,13:00~18:00,"월급1,800,000",14시간전
서울 강서구, 아이스크림홈런 공부방 영등포지국,13:00~18:00,"월급1,800,000",14시간전
서울 동작구, 아이스크림홈런 공부방 영등포지국,13:00~18:00,"월급1,800,000",14시간전
대구 달성군, 아이스크림홈런 공부방 남대구지국,13:00~18:00,"월급1,800,000",15시간전
전남 순천시, 아이스크림홈런 공부방 광주지국,13:00~18:00,"월급1,800,000",04/18
서울 용산구, 아이스크림홈런 공부방 은평지국,13:00~18:00,"월급1,800,000",04/18
서울 서대문, 아이스크림홈런 공부방 은평지국,13:00~18:00,"월급1,800,000",04/18
인천 연수구, 아이스크림홈런 공부방 남인천지국,13:00~18:00,"월급1,800,000",04/14
인천 남동구, 아이스크림홈런 공부방 남인천지국,13:00~18:00,"월급1,800,000",04/14
인천 부평구, 아이스크림홈런 공부방 남인천지국,13:00~18:00,"월급1,800,000",04/14
경북 예천군, 아이스크림홈런 공부방 구미지국,13:00~18:00,"월급1,800,000",04/14
경북 구미시, 아이스크림홈런 공부방 구미지국,13:00~18:00,"월급1,800,000",04/14
경북 구미시, 아이스크림홈런 공부방 구미지국,13:00~18:00,"월급1,800,000",04/14
부산 기장군, 아이스크림홈런 공부방 기장양산지국,13:00~18:00,"월급1,800,000",04/14
경북 포항시, 아이스크림홈런 공부방 포항지국,13:00~18:00,"월급1,800,000",04/14
경북 포항시, 아이스크림홈런 공부방 포항지국,13:00~18:00,"월급1,800,000",04/14
경기 김포시, 아이스크림홈런 공부방 김포지국,13:00~18:00,"월급1,800,000",04/14
경기 김포시, 아이스크림홈런 공부방 김포지국,13:00~18:00,"월급1,800,000",04/14
경기 김포시, 아이스크림홈런 공부방 김포지국,13:00~18:00,"월급1,800,000",04/14
대구 북구, 아이스크림홈런 공부방 북대구지국,13:00~17:00,"월급1,800,000",04/13
대구 북구, 아이스크림홈런 공부방 북대구지국,13:00~17:00,"월급1,800,000",04/13
부산 수영구, 아이스크림홈런 공부방 부산동부지국,13:00~18:00,"월급1,800,000",04/13
부산 북구, 아이스크림홈런 공부방 부산서부지국,13:00~18:00,"월급1,800,000",04/13
대전 중구, 아이스크림홈런 공부방 대전지국,13:00~18:00,"건별1,800,000",04/13
대전 중구, 아이스크림홈런 공부방 대전지국,13:00~18:00,"건별1,800,000",04/13
경기 안양시, 세븐일레븐 안양시청점,00:00~24:00,"시급8,590",1분전
경기 수원시, 세븐일레븐 수원천천대우점,23:00~06:00,"시급8,590",4분전
인천 남동구, 세븐일레븐 인천구월이노점,18:00~24:00,"시급8,590",5분전
경남 사천시, 세븐일레븐 사천송포점,24:00~08:00,"시급8,590",9분전
대구 서구, 세븐일레븐 대구내당대로점,23:00~07:00,"시급8,590",12분전
전남 화순군, 세븐일레븐 화순능주로터리점,08:00~16:00,"시급8,590",14분전
대구 서구, 세븐일레븐 대구내당대로점,23:00~07:00,"시급8,590",17분전
경기 화성시, 세븐일레븐 화성장외점,09:00~17:00,"시급9,000",19분전
대전 유성구, 세븐일레븐 유성봉명로데오점,00:10~02:00,"시급8,590",19분전
세종 한솔동, 세븐일레븐 세종첫마을한솔점,18:00~01:00,"시급8,590",20분전
울산 남구, 세븐일레븐 울산여고카페점,18:00~22:00,"시급8,590",25분전
경기 성남시, 세븐일레븐 수내쉐르빌점,22:00~08:30,"시급8,700",28분전
경기 광명시, 세븐일레븐 광명소원점,01:00~05:30,"시급8,590",33분전
경기 화성시, 세븐일레븐 화성장외점,09:00~17:00,"시급9,000",40분전
부산 전체, 세븐일레븐 부산양정원룸점,16:00~23:00,"시급8,590",47분전
경북 포항시, 세븐일레븐 포항오천부영점,16:00~22:00,"건별890,000",47분전
부산 강서구, 세븐일레븐 부산화전원룸점,08:00~22:00,"시급8,590",49분전
서울 금천구, 금천대장점,02:00~10:00,"시급8,590",51분전
경기 평택시, 세븐일레븐 평택포승도곡점,22:00~08:00,"시급8,590",53분전
서울 중랑구, 세븐일레븐 사가정중앙점,18:00~24:00,"시급8,590",54분전
전남 광양시, 세븐일레븐 광양현대점,08:00~18:00,"시급8,590",55분전
부산 사하구, 세븐일레븐 부산장림스마트점,23:00~07:00,"시급8,590",56분전
경기 안성시, 세븐일레븐 안성우미림퍼스트점,22:00~08:00,"시급8,590",1시간전
충남 천안시, 세븐일레븐 천안성정하늘점,22:00~08:00,"시급8,590",1시간전
경기 부천시, 세븐일레븐 부천송내앤스빌점,19:00~24:00,"시급8,590",1시간전
경기 광주시, 세븐일레븐 경기광주백마점,23:00~09:00,"시급8,600",1시간전
서울 성북구, 세븐일레븐 서경대본점,08:30~15:30,"시급8,590",1시간전
서울 마포구, 세븐일레븐 홍대스타점,22:00~08:00,"시급12,885",1시간전
경기 성남시, 세븐일레븐 분당제생병원점,19:00~22:00,"시급8,590",1시간전
경기 성남시, 세븐일레븐 분당제생병원점,19:00~22:00,"시급8,590",1시간전
서울 도봉구, 세븐일레븐 도봉창2동점,22:00~02:00,"시급8,590",1시간전
서울 서대문, 세븐일레븐 연희점,15:00~22:00,"시급8,590",1시간전
서울 서대문, 세븐일레븐 연희점,15:00~22:00,"시급8,590",1시간전
경기 화성시, 세븐일레븐 정남산업단지점,06:00~13:00,"시급8,600",1시간전
경기 오산시, 세븐일레븐 정남산업단지점,06:00~13:00,"시급8,600",1시간전
인천 남동구, 세븐일레븐 구월인하로점,00:00~06:00,"시급8,590",1시간전
경기 안양시, 세븐일레븐 안양임곡중앙점,09:00~15:00,"시급8,590",1시간전
부산 전체, 세븐일레븐 부산사상공단점,18:00~12:00,"시급8,590",1시간전
충남 아산시, 세븐일레븐 아산용화성지점,20:00~24:00,"시급8,590",1시간전
대구 수성구, 세븐일레븐 대구산대점,22:00~07:00,"시급8,590",1시간전
부산 동구, 세븐일레븐 부산베스트인호텔점,17:00~01:00,"시급8,590",1시간전
경기 화성시, 세븐일레븐 동탄푸르지오2차점,16:00~22:00,"시급8,600",1시간전
경기 안성시, 세븐일레븐 안성우미림퍼스트점,22:00~08:00,"시급8,590",2시간전
경기 의정부, 세븐일레븐 의정부건영점,22:00~08:00,"시급8,590",2시간전
강원 강릉시, 세븐일레븐 강릉문화점,13:00~18:00,"시급8,590",2시간전
경기 안성시, 세븐일레븐 안성우미림퍼스트점,23:00~08:00,"시급8,590",2시간전
인천 서구, 세븐일레븐 청라인천점,08:00~15:00,"시급8,590",2시간전
서울 서대문, 세븐일레븐 연희점,14:00~22:00,"시급8,590",2시간전
서울 도봉구, 세븐일레븐 도봉창2동점,22:00~02:00,"시급8,590",2시간전
경기 오산시, 세븐일레븐 오산3호점,16:00~23:00,"시급9,000",2시간전
서울 관악구, 반올림피자샵 서울신림,17:00~23:00,"시급11,000",16분전
서울 관악구, 반올림피자샵 서울신림,12:00~24:00,"시급11,000",16분전
서울 관악구, 반올림피자샵 서울신림,17:00~23:00,"시급11,000",17분전
서울 관악구, 반올림피자샵 서울신림,12:00~24:00,"시급11,000",17분전
서울 관악구, 반올림피자샵 서울신림,17:00~23:00,"시급11,000",18분전
경기 오산시, 반올림피자샵 경기 오산점,12:00~18:00,"시급9,000",25분전
경기 오산시, 반올림피자샵 경기 오산점,12:00~18:00,"시급9,000",25분전
경기 오산시, 반올림피자샵 경기 오산점,12:00~18:00,"시급9,000",25분전
경기 오산시, 반올림피자샵 경기 오산점,12:00~18:00,"시급9,000",25분전
경기 수원시, 반올림피자샵 수원 광교상현점,11:00~01:00,"시급11,000",28분전
서울 강남구, 반올림피자샵 서울 강남2호점,11:00~23:00,"월급3,300,000",51분전
서울 강남구, 반올림피자샵 서울 강남2호점,11:00~23:00,"월급3,300,000",51분전
인천 중구, 반올림피자샵 인천 하늘도시점,12:00~24:00,"월급2,900,000",1시간전
인천 연수구, 반올림피자샵 인천 송도점,12:00~24:00,"월급2,400,000",1시간전
인천 연수구, 반올림피자샵 인천 송도점,12:00~22:00,"시급11,000",1시간전
인천 연수구, 반올림피자샵 인천 송도점,11:00~11:00,"월급2,700,000",1시간전
경기 부천시, 반올림피자샵 소사역곡점,18:00~24:00,"시급10,000",2시간전
경기 부천시, 반올림피자샵 소사역곡점,18:00~24:00,"시급10,000",2시간전
경기 부천시, 반올림피자샵 소사역곡점,18:00~24:00,"시급10,000",2시간전
경기 부천시, 반올림피자샵 소사역곡점,18:00~24:00,"시급10,000",2시간전
경기 의정부, 반올림피자샵 의정부점,18:00~23:30,"시급11,000",2시간전
인천 서구, 반올림피자샵 인천 검단점,16:00~20:00,"시급10,000",2시간전
인천 남동구, 반올림피자샵 인천 논현점,12:30~23:30,"월급2,850,000",3시간전
전남 여수시, 반올림피자샵 여수점,12:00~24:00,"월급2,400,000",3시간전
전남 여수시, 반올림피자샵 여수점,17:00~24:00,"시급10,310",3시간전
전남 여수시, 반올림피자샵 여수점,18:00~24:00,"시급10,310",3시간전
전남 여수시, 반올림피자샵 여수점,12:00~24:00,"월급2,400,000",3시간전
전남 여수시, 반올림피자샵 여수점,17:00~24:00,"시급10,310",3시간전
서울 강서구, 반올림피자샵 서울 강서구점,12:00~24:00,"시급11,000",4시간전
서울 강서구, 반올림피자샵 서울 강서구점,12:00~24:00,"시급11,000",4시간전
서울 강서구, 반올림피자샵 서울 강서구점,12:00~24:00,"시급11,000",4시간전
서울 강서구, 반올림피자샵 서울 강서구점,12:00~24:00,"시급11,000",4시간전
서울 강서구, 반올림피자샵 서울 강서구점,12:00~24:00,"시급11,000",4시간전
경기 고양시, 반올림피자샵 일산서구점,12:00~23:00,"시급8,590",4시간전
경기 고양시, 반올림피자샵 일산서구점,12:00~23:00,"시급8,590",4시간전
인천 서구, 반올림피자샵 인천 검단점,16:00~20:00,"시급10,000",5시간전
인천 남동구, 반올림피자샵 인천 남동점,12:00~24:30,"월급2,800,000",5시간전
경기 화성시, 반올림피자샵 동탄2신도시점,17:00~22:00,"시급13,000",5시간전
경기 화성시, 반올림피자샵 동탄2신도시점,17:00~22:00,"시급13,000",5시간전
경기 화성시, 반올림피자샵 동탄2신도시점,17:00~22:00,"시급13,000",5시간전
경기 화성시, 반올림피자샵 동탄2신도시점,17:00~22:00,"시급13,000",5시간전
경기 화성시, 반올림피자샵 동탄2신도시점,17:00~22:00,"시급13,000",5시간전
인천 서구, 반올림피자샵 인천 검단점,16:00~20:00,"시급10,000",5시간전
인천 서구, 반올림피자샵 인천 검단점,18:00~24:00,"시급8,590",5시간전
인천 중구, 반올림피자샵 인천 하늘도시점,12:00~24:00,"월급2,900,000",5시간전
경기 수원시, 반올림피자샵 수원 광교상현점,11:00~01:00,"시급11,000",5시간전
경기 의정부, 반올림피자샵 의정부점,18:00~23:30,"시급11,000",5시간전
서울 강남구, 반올림피자샵 서울 강남2호점,11:00~23:00,"월급3,300,000",6시간전
서울 강남구, 반올림피자샵 서울 강남2호점,11:00~23:00,"월급3,300,000",6시간전
부산 해운대, 반올림피자샵 부산 해운대점,11:30~23:30,"시급9,500",6시간전
경기 용인시, (주)지에스리테일 랄라블라용인점,17:00~20:00,"시급8,590",16분전
전남 여수시, (주)지에스리테일,04:30~21:30,"시급8,590",2시간전
경기 성남시, (주)지에스리테일,18:00~22:30,"시급8,590",04/05
경남 김해시, 엔제리너스 김해봉황D/I점,00:00~24:00,"시급8,590",38분전
서울 광진구, 엔제리너스 건대영존점,17:00~23:00,"시급8,590",5시간전
대구 북구, 엔제리너스 칠곡구암역점,24:00~08:00,"월급1,860,000",5시간전
대구 북구, 엔제리너스 칠곡구암역점,24:00~08:00,"월급1,860,000",5시간전
대구 북구, 엔제리너스 대구칠성시장역점,08:00~24:00,"월급1,860,000",7시간전
경남 김해시, 엔제리너스 김해봉황D/I점,00:00~24:00,"시급8,590",04/15
서울 동작구, 호치킨 신대방삼거리역1번출구점(현-2,12:00~00:00,"월급2,900,000",3시간전
서울 동작구, 호치킨 신대방삼거리역1번출구점(현-2,12:00~00:00,"월급2,300,000",3시간전
경기 고양시, 호치킨 일산후곡마을점,18:00~24:00,"시급8,600",4시간전
경기 김포시, 호치킨 김포구래점,18:00~01:00,"시급9,000",5시간전
경기 김포시, 호치킨 김포구래점,18:00~01:00,"시급9,000",5시간전
경기 김포시, 호치킨 김포구래점,18:00~01:00,"시급9,000",5시간전
경기 김포시, 호치킨 김포구래점,18:00~01:00,"시급9,000",5시간전
서울 양천구, 호치킨 신정이펜하우스점,19:00~11:00,"시급9,000",6시간전
인천 서구, 호치킨 인천 원당점,19:00~00:00,"시급9,000",7시간전
인천 서구, 호치킨 인천 원당점,19:00~00:00,"시급9,000",7시간전
인천 서구, 호치킨 인천 원당점,19:00~00:00,"시급9,000",7시간전
인천 서구, 호치킨 인천 원당점,19:00~00:00,"시급9,000",7시간전
인천 서구, 호치킨 인천 원당점,19:00~00:00,"시급9,000",7시간전
서울 송파구, 호치킨 풍납2동점,15:00~02:30,"월급2,250,000",22시간전
서울 송파구, 호치킨 풍납2동점,15:00~02:30,"월급2,700,000",04/19
서울 송파구, 호치킨 풍납2동점,15:00~02:30,"월급2,700,000",04/18
서울 송파구, 호치킨 풍납2동점,15:00~02:30,"월급2,250,000",04/17
서울 동작구, 호치킨 남성역점,18:00~01:00,"시급8,700",04/16
서울 동작구, 호치킨 남성역점,18:00~01:00,"시급8,700",04/16
서울 송파구, 호치킨 풍납2동점,15:00~02:30,"월급2,700,000",04/16
서울 양천구, 호치킨 목2동시장점,15:00~01:00,"월급2,500,000",04/15
인천 부평구, 호치킨 산곡점,18:00~24:00,"시급8,600",04/12
인천 부평구, 호치킨 산곡점,18:00~24:00,"시급8,600",04/11
경기 용인시, 호치킨 호치킨 용인죽전점,18:00~24:00,"시급8,600",04/10
경기 용인시, 호치킨 호치킨 용인죽전점,18:00~24:00,"시급8,600",04/10
경기 용인시, 호치킨 용인동천점,18:00~24:00,"시급8,600",04/10
경기 용인시, 호치킨 용인동천점,18:00~24:00,"시급8,600",04/10
서울 양천구, 호치킨 목2동시장점,15:00~01:00,"월급2,500,000",04/07
인천 연수구, 호치킨 송도풍림아이원점,18:00~24:00,"시급10,400",04/05
경기 광주시, 노랑통닭 광주태전점,16:00~01:00,"시급8,600",1분전
경기 화성시, 노랑통닭 화성시청점,13:00~01:00,"월급2,500,000",22분전
전국 전체, 노랑통닭 서울역점,17:00~04:00,"월급2,500,000",36분전
인천 남동구, 노랑통닭 만수역점,15:00~03:00,"월급2,500,000",36분전
인천 남동구, 노랑통닭 만수역점,15:00~03:00,"월급2,500,000",37분전
인천 미추홀, 노랑통닭 인천 주안점,16:00~02:30,"월급2,300,000",41분전
인천 미추홀, 노랑통닭 인천 주안점,16:00~02:30,"월급2,300,000",42분전
인천 남동구, 노랑통닭 인천논현점,18:00~23:00,"시급9,000",1시간전
인천 남동구, 노랑통닭 인천논현점,15:00~02:00,"월급2,850,000",1시간전
인천 남동구, 노랑통닭 인천논현점,15:00~02:00,"월급2,850,000",1시간전
인천 남동구, 노랑통닭 인천논현점,18:00~23:00,"시급9,000",1시간전
서울 관악구, 노랑통닭 서울대점,18:00~23:00,"시급8,700",1시간전
인천 남동구, 노랑통닭 인천논현점,15:00~02:00,"월급2,850,000",1시간전
경기 부천시, 노랑통닭 부천역점,17:00~03:00,"월급2,500,000",2시간전
경기 하남시, 노랑통닭 미사2호점,17:00~23:00,"시급8,800",2시간전
경기 하남시, 노랑통닭 미사2호점,17:00~22:00,"시급8,800",2시간전
경기 하남시, 노랑통닭 미사2호점,15:00~02:00,"월급2,600,000",2시간전
경기 부천시, 노랑통닭 부천상동점,18:00~24:00,"시급8,590",2시간전
서울 강남구, 노랑통닭 논현역점,18:00~02:00,"시급9,000",2시간전
서울 강남구, 노랑통닭 논현역점,18:00~02:00,"시급9,000",2시간전
인천 미추홀, 노랑통닭 인천 주안점,16:00~02:30,"월급2,300,000",3시간전
인천 미추홀, 노랑통닭 인천 주안점,16:00~02:30,"월급2,300,000",3시간전
서울 노원구, 노랑통닭 중계점,16:00~03:00,"월급2,600,000",3시간전
경기 남양주, 노랑통닭 퇴계원점,17:30~23:30,"시급8,590",3시간전
경기 남양주, 노랑통닭 퇴계원점,17:30~23:30,"시급8,590",3시간전
경기 안양시, 노랑통닭 안양1번가점,16:00~02:00,"월급2,500,000",3시간전
경기 이천시, 노랑통닭 이천하이닉스점,18:00~12:00,"시급9,500",3시간전
강원 춘천시, 노랑통닭 남춘천점,16:00~02:00,"월급2,500,000",3시간전
경기 고양시, 노랑통닭 라페스타점,16:00~02:30,"월급2,500,000",3시간전
서울 동작구, 노랑통닭 노량진점,18:00~00:00,"시급8,350",4시간전
서울 동작구, 노랑통닭 노량진점,18:00~00:00,"시급8,350",4시간전
서울 동작구, 노랑통닭 노량진점,18:00~00:00,"시급8,350",4시간전
서울 동작구, 노랑통닭 노량진점,18:00~00:00,"시급8,350",4시간전
서울 동작구, 노랑통닭 노량진점,18:00~00:00,"시급8,350",4시간전
서울 관악구, 노랑통닭 청림점,19:00~23:00,"시급8,590",4시간전
인천 중구, 노랑통닭 인천운서역점,16:00~02:00,"월급2,700,000",4시간전
인천 중구, 노랑통닭 인천운서역점,16:00~02:00,"월급2,700,000",4시간전
서울 관악구, 노랑통닭 청림점,19:00~23:00,"시급8,590",4시간전
경북 구미시, 노랑통닭 구미봉곡점,18:00~24:00,"시급9,000",4시간전
경기 수원시, 노랑통닭 망포점,18:00~24:00,"시급9,000",4시간전
전국 전체, 노랑통닭 철산점,16:00~02:00,"월급2,500,000",4시간전
서울 광진구, 노랑통닭 건대점,18:00~23:00,"시급8,700",4시간전
서울 노원구, 노랑통닭 공릉점,18:00~23:00,"시급8,590",4시간전
서울 광진구, 노랑통닭 건대점,18:00~23:00,"시급8,700",4시간전
서울 노원구, 노랑통닭 공릉점,18:00~23:00,"시급8,590",4시간전
서울 광진구, 노랑통닭 건대점,18:00~23:00,"시급8,700",4시간전
서울 노원구, 노랑통닭 공릉점,18:00~23:00,"시급8,590",4시간전
경기 시흥시, 노랑통닭 시흥 목감점,18:00~11:00,"시급10,000",4시간전
서울 광진구, 노랑통닭 건대점,18:00~23:00,"시급8,700",4시간전
서울 노원구, 노랑통닭 공릉점,18:00~23:00,"시급8,590",4시간전
서울 강남구, 크리스피크림도넛  대치점,14:30~23:30,"시급8,590",18분전
서울 강남구, 크리스피크림도넛  대치점,14:30~23:30,"시급8,590",19분전
서울 강남구, 크리스피크림도넛  대치점,14:30~23:30,"시급8,590",20분전
서울 강남구, 크리스피크림도넛  대치점,14:30~23:30,"시급8,590",21분전
서울 강남구, 크리스피크림도넛  대치점,14:30~23:30,"시급8,590",22분전
경북 구미시, 크리스피 크림 도넛 대구범어점,15:00~22:00,"시급8,590",32분전
경북 구미시, 크리스피 크림 도넛 대구범어점,09:30~22:00,"시급8,590",36분전
대구 수성구, 크리스피 크림 도넛 대구범어점,23:00~07:00,"시급8,590",42분전
대구 수성구, 크리스피 크림 도넛 대구범어점,13:00~18:00,"시급8,690",43분전
경남 양산시, 크리스피크림도넛 울산삼산점,12:00~18:00,"시급8,590",59분전
대구 동구, 크리스피크림도넛  대구롯데이시아폴리스,10:00~15:00,"시급8,590",1시간전
경기 의정부, 크리스피크림도넛 강남역점,09:30~22:00,"시급8,590",2시간전
경기 의정부, 크리스피크림도넛 강남역점,09:30~22:00,"시급8,590",2시간전
경남 김해시, 크리스피크림도넛  롯데김해아울렛점,11:00~18:00,"시급8,590",3시간전
인천 서구, 크리스피크림도넛  건대스타시티점,09:30~16:00,"시급8,590",3시간전
서울 광진구, 크리스피크림도넛  건대스타시티점,07:00~14:00,"시급8,690",4시간전
서울 광진구, 크리스피크림도넛  건대스타시티점,16:30~23:00,"시급8,590",4시간전
서울 광진구, 크리스피크림도넛  건대스타시티점,16:30~23:00,"시급8,590",4시간전
서울 광진구, 크리스피크림도넛  건대스타시티점,07:00~14:00,"시급8,690",4시간전
서울 중구, 크리스피크림도넛 소공점,15:00~20:30,"시급8,590",5시간전
서울 중구, 크리스피크림도넛 소공점,15:00~20:30,"시급8,590",5시간전
경기 평택시, 크리스피크림도넛  AK평택점,17:30~20:30,"시급8,590",6시간전
서울 성동구, 크리스피크림도넛 노원점,15:00~22:30,"시급8,590",6시간전
서울 성동구, 크리스피크림도넛 노원점,09:30~16:00,"시급8,590",6시간전
서울 성동구, 크리스피크림도넛 노원점,09:30~16:00,"시급8,590",6시간전
서울 성동구, 크리스피크림도넛 노원점,15:00~22:30,"시급8,590",7시간전
서울 성동구, 크리스피크림도넛 노원점,15:00~22:30,"시급8,590",7시간전
강원 태백시, 크리스피크림도넛  원주무실점,09:00~16:00,"시급8,590",7시간전
서울 관악구, 크리스피크림도넛  사당점,15:00~23:00,"시급8,590",8시간전
경기 화성시, 크리스피크림도넛  수원인계점,09:30~15:30,"시급8,590",14시간전
경북 포항시, 크리스피크림도넛 울산삼산점,09:30~22:00,"시급8,590",04/18
충북 청주시, 크리스피크림도넛  청주터미널점,13:00~17:30,"시급8,590",04/18
서울 송파구, 크리스피크림도넛  잠실롯데월드몰점,08:00~15:00,"시급8,590",04/15
서울 송파구, 크리스피크림도넛  잠실롯데월드몰점,08:00~15:00,"시급8,590",04/15
서울 송파구, 크리스피크림도넛  잠실롯데월드몰점,08:00~15:00,"시급8,590",04/15
경기 시흥시, 다이소 시흥월곶점,09:00~22:00,"시급8,590",22분전
부산 기장군, 다이소 메가마트기장점,09:00~21:00,"시급8,590",22분전
경북 포항시, 다이소 포항대잠점,09:00~21:00,"시급8,590",22분전
울산 동구, 다이소 울산일산지점,08:30~22:30,"월급1,795,310",23분전
울산 북구, 다이소 울산신천점,09:00~22:30,"월급1,795,310",23분전
부산 기장군, 다이소 부산정관신도시점,09:00~22:30,"시급8,590",23분전
대구 동구, 다이소 대구반야월점,09:00~22:30,"월급1,795,310",24분전
대구 북구, 다이소 대구대현점,16:00~22:00,"시급8,590",24분전
경북 문경시, 다이소 문경모전점,08:00~22:30,"월급1,795,310",25분전
경기 시흥시, 다이소 시흥정왕2호점,10:00~22:30,"시급8,590",29분전
경북 포항시, 다이소 포항대잠점,09:00~21:00,"시급8,590",30분전
부산 기장군, 다이소 부산정관신도시점,09:00~22:30,"시급8,590",31분전
부산 기장군, 다이소 부산기장본점,16:00~22:00,"시급8,590",32분전
경북 문경시, 다이소 영남현장CS팀,08:00~22:30,"월급1,795,310",35분전
경북 문경시, 다이소 문경모전점,08:00~22:30,"월급1,795,310",37분전
서울 강서구, 다이소 발산역점,07:00~22:00,"월급1,795,310",37분전
서울 강서구, 다이소 까치산2호점,16:00~22:00,"시급8,590",38분전
서울 양천구, 다이소 목동역점,07:30~16:30,"월급1,795,310",41분전
경기 시흥시, 다이소 배곧신도시점,09:30~22:30,"월급1,795,310",44분전
세종 전체, 다이소 조치원점,09:00~22:00,"시급8,590",51분전
울산 북구, 다이소 탑마트울산화봉점,08:00~21:00,"시급8,590",52분전
충남 천안시, 다이소 천안본점,08:30~11:30,"시급8,590",54분전
경기 시흥시, 다이소 시흥정왕본점,09:30~22:00,"월급1,795,310",58분전
충북 청주시, 다이소 홈플러스청주점,09:00~15:00,"시급8,590",1시간전
서울 금천구, 다이소 시흥사거리점,16:00~22:00,"시급8,590",1시간전
경기 광명시, 다이소 광명사거리점,07:00~21:00,"시급8,590",1시간전
경기 안양시, 다이소 안양중앙점,07:00~22:30,"월급1,795,310",1시간전
서울 구로구, 다이소 구로시장점,07:00~13:00,"시급8,590",1시간전
경기 성남시, 다이소 단대오거리점,08:00~22:30,"월급1,795,310",2시간전
부산 기장군, 다이소 부산기장본점,12:00~18:00,"시급8,590",2시간전
경기 성남시, 다이소 성남중앙로점,08:00~22:30,"월급1,795,310",2시간전
경기 성남시, 다이소 성남중앙로점,16:00~22:00,"시급8,590",2시간전
서울 서초구, 다이소 남부터미널점,17:00~19:00,"시급8,590",2시간전
서울 서초구, 다이소 남부터미널점,12:00~14:00,"시급8,590",2시간전
서울 서초구, 다이소 교대역점,17:00~19:00,"시급8,590",2시간전
서울 서초구, 다이소 교대역점,12:00~14:00,"시급8,590",2시간전
충북 청주시, 오창점,12:00~21:00,"시급8,590",2시간전
충북 청주시, 오창점,09:00~22:00,"시급8,590",3시간전
강원 춘천시, 다이소 춘천퇴계본점,09:00~22:00,"시급8,590",3시간전
강원 춘천시, 다이소 춘천후평점,09:00~22:00,"시급8,590",3시간전
강원 원주시, 다이소 원주단구점,08:30~22:30,"월급1,795,310",3시간전
강원 원주시, 다이소 원주중앙시장점,13:00~19:00,"시급8,590",3시간전
경기 평택시, 다이소 롯데마트평택점,09:00~21:00,"월급1,795,310",3시간전
경남 창원시, 다이소 진해중앙점,09:00~18:00,"월급1,795,310",3시간전
경북 포항시, 다이소 포항대잠점,09:00~21:00,"시급8,590",3시간전
부산 기장군, 다이소 부산정관신도시점,09:00~22:30,"시급8,590",3시간전
경기 김포시, 다이소 김포장기점,09:30~18:30,"월급1,795,310",3시간전
경기 김포시, 다이소 김포장기점,16:00~22:00,"시급8,590",3시간전
서울 노원구, 다이소 홈플러스중계점,09:00~15:00,"시급8,590",3시간전
강원 춘천시, 다이소 롯데마트석사점,16:00~22:00,"시급8,590",3시간전
서울 중랑구, 롯데리아 중화역점,08:00~14:00,"시급8,590",6분전
서울 중랑구, 롯데리아 중화역점,08:00~14:00,"시급8,590",6분전
서울 중랑구, 롯데리아 중화역점,08:00~14:00,"시급8,590",7분전
서울 중랑구, 롯데리아 중화역점,08:00~14:00,"시급8,590",8분전
서울 중랑구, 롯데리아 중화역점,08:00~14:00,"시급8,590",9분전
경북 포항시, 롯데리아 포항죽도점,00:00~24:00,"시급8,590",20분전
경북 포항시, 롯데리아 포항죽도점,11:00~24:00,"시급8,590",22분전
경북 포항시, 롯데리아 포항점,09:00~24:00,"시급8,590",27분전
충남 보령시, 롯데리아 보령동대점,10:00~22:00,"시급8,590",27분전
경북 포항시, 롯데리아 포항점,09:00~24:00,"시급8,590",27분전
경기 부천시, 롯데리아 부천중동점,08:30~01:00,"월급2,000,000",41분전
대전 대덕구, 롯데리아 대전가양D/T점,07:00~16:00,"월급1,900,000",43분전
대전 대덕구, 롯데리아 대전가양D/T점,07:00~16:00,"월급1,900,000",44분전
전북 전주시, 롯데리아 전주고사점,00:00~24:00,"시급8,590",50분전
전북 전주시, 롯데리아 전주고사점,00:00~24:00,"시급8,590",50분전
전북 전주시, 롯데리아 전주고사점,00:00~24:00,"시급8,590",50분전
전북 전주시, 롯데리아 전주고사점,00:00~24:00,"시급8,590",50분전
전북 전주시, 롯데리아 전주고사점,00:00~24:00,"시급8,590",50분전
경기 부천시, 롯데리아 부천중동점,08:30~01:00,"월급2,000,000",51분전
인천 남동구, 롯데리아 인천구월점,08:00~23:00,"월급2,000,000",56분전
인천 남동구, 롯데리아 인천구월점,08:00~23:00,"월급2,000,000",56분전
서울 관악구, 롯데리아 봉천역점,17:00~23:00,"시급8,590",1시간전
서울 관악구, 롯데리아 봉천역점,17:00~23:00,"시급8,590",1시간전
서울 관악구, 롯데리아 봉천역점,17:00~23:00,"시급8,590",1시간전
서울 관악구, 롯데리아 봉천역점,17:00~23:00,"시급8,590",1시간전
경남 창원시, 롯데리아 하나로마트남창원점,10:00~14:00,"시급8,590",1시간전
경남 창원시, 롯데리아 하나로마트남창원점,18:00~21:50,"시급8,590",1시간전
경기 오산시, 롯데리아 오산세교D/T점,10:00~18:00,"시급9,500",1시간전
경기 오산시, 롯데리아 오산세교D/T점,10:00~18:00,"시급9,500",1시간전
경기 오산시, 롯데리아 오산세교D/T점,10:00~18:00,"시급9,500",1시간전
경기 오산시, 롯데리아 오산세교D/T점,14:00~22:00,"시급9,500",1시간전
경기 오산시, 롯데리아 오산세교D/T점,14:00~22:00,"시급9,500",1시간전
경기 광주시, 롯데리아 광주태전점,09:00~23:00,"시급8,590",1시간전
대전 대덕구, 롯데리아 대전가양D/T점,07:00~16:00,"월급1,900,000",1시간전
대전 대덕구, 롯데리아 대전가양D/T점,07:00~16:00,"월급1,900,000",1시간전
전남 나주시, 롯데리아 나주혁신점,09:00~22:00,"시급8,590",2시간전
전남 나주시, 롯데리아 나주혁신점,09:00~22:00,"시급8,590",2시간전
경남 창원시, 롯데리아 창원상남점,00:00~24:00,"시급8,590",2시간전
전남 나주시, 롯데리아 나주혁신점,09:00~22:00,"시급8,590",2시간전
전남 나주시, 롯데리아 나주혁신점,09:00~22:00,"시급8,590",2시간전
전남 나주시, 롯데리아 나주혁신점,09:00~22:00,"시급8,590",2시간전
경기 안양시, 롯데리아 안양점,00:00~08:00,"시급8,590",2시간전
경기 안양시, 롯데리아 안양점,00:00~08:00,"시급8,590",2시간전
경기 안양시, 롯데리아 안양점,00:00~08:00,"시급8,590",2시간전
경기 수원시, 롯데리아 망포역점,09:00~24:00,"시급8,590",2시간전
경기 평택시, 롯데리아 평택세교점,17:00~22:00,"시급8,590",2시간전
경기 평택시, 롯데리아 평택세교점,13:00~22:00,"월급1,800,000",2시간전
경기 평택시, 롯데리아 평택세교점,13:00~22:00,"월급1,750,000",2시간전
서울 구로구, 롯데리아 신도림역점,17:00~22:00,"시급8,590",2시간전
경기 동두천, 롯데리아 동두천점,16:00~24:00,"시급8,590",2시간전
경기 성남시, 홈플러스 익스프레스 분당판교점,17:00~24:00,"월급1,614,920",2시간전
서울 송파구, 홈플러스 익스프레스 거여점,17:00~23:00,"월급1,348,630",4시간전
경기 시흥시, 홈플러스 익스프레스 능곡점,07:30~13:30,"월급1,348,630",7시간전
경기 고양시, 홈플러스 익스프레스 후곡점,07:30~13:30,"시급8,590",10시간전
경기 화성시, 홈플러스 익스프레스 화성반월점,14:00~18:00,"시급8,590",13시간전
경기 화성시, 홈플러스 익스프레스 화성반월점,14:00~18:00,"시급8,590",13시간전
경기 용인시, 홈플러스 익스프레스 용인죽전점,16:00~23:00,"시급8,590",04/17
경기 용인시, 홈플러스 익스프레스 용인죽전점,17:00~24:00,"시급8,590",04/17
서울 서초구, 홈플러스 익스프레스 서초점,08:00~14:00,"월급1,348,630",04/12
경기 성남시, 홈플러스 익스프레스 분당점,17:00~22:00,"시급8,590",04/11
서울 영등포, 홈플러스 익스프레스 신길점,11:00~17:00,"월급1,348,630",04/08
경기 성남시, 홈플러스 익스프레스 푸른마을점,16:00~22:00,"월급1,348,630",04/05
경기 성남시, 홈플러스 익스프레스 푸른마을점,18:00~24:00,"월급1,348,630",04/04
전북 전주시, 버거킹 전주송천DT점,08:00~24:00,"시급8,590",1분전
전북 전주시, 버거킹 전주송천DT점,08:00~24:00,"시급8,590",1분전
경기 이천시, 이천CGV점,18:00~24:00,"시급8,590",5분전
대구 수성구, 버거킹 대구지산점(S),18:00~23:00,"시급8,590",13분전
경기 이천시, 이천CGV점,18:00~24:00,"시급8,590",23분전
대전 서구, 버거킹 대전관저점,09:00~24:00,"시급8,590",36분전
경북 포항시, 버거킹 포항철강단지SK점,08:00~16:50,"시급8,590",41분전
대전 유성구, 버거킹 대전세종SK점,08:00~24:00,"시급8,590",48분전
대전 유성구, 버거킹 대전세종SK점,08:00~24:00,"시급8,590",48분전
대전 유성구, 버거킹 대전세종SK점,08:00~24:00,"시급8,590",48분전
대전 유성구, 버거킹 대전세종SK점,08:00~24:00,"시급8,590",49분전
부산 전체, 버거킹 부산금정오일뱅크점,08:00~01:00,"시급8,590",50분전
서울 강남구, 버거킹 강남대로점,09:00~24:00,"시급8,590",52분전
서울 송파구, 버거킹 종합운동장사거리점,08:00~01:00,"시급8,590",53분전
경기 이천시, 이천CGV점,18:00~24:00,"시급8,590",53분전
서울 송파구, 버거킹 종합운동장사거리점,08:00~01:00,"시급8,590",53분전
서울 송파구, 버거킹 종합운동장사거리점,08:00~01:00,"시급8,590",54분전
서울 송파구, 버거킹 종합운동장사거리점,08:00~01:00,"시급8,590",54분전
서울 중구, 버거킹 숭례문점(S),00:00~24:00,"시급8,590",59분전
전북 전주시, 버거킹 전주송천DT점,08:00~24:00,"시급8,590",59분전
서울 중구, 버거킹 숭례문점(S),00:00~24:00,"시급8,590",59분전
서울 중구, 버거킹 숭례문점(S),00:00~24:00,"시급8,590",1시간전
경기 이천시, 이천CGV점,18:00~24:00,"시급8,590",1시간전
경기 구리시, 구리SK점,22:00~07:00,"시급8,590",1시간전
경기 군포시, 버거킹 산본중앙점,09:00~17:00,"시급8,590",1시간전
인천 계양구, 인천계양구청점,12:00~17:00,"시급8,590",2시간전
충북 진천군, 버거킹 충북진천점(S),09:00~17:00,"시급8,590",2시간전
서울 양천구, 버거킹 염창역점,18:00~01:00,"시급8,590",2시간전
서울 양천구, 버거킹 염창역점,18:00~01:00,"시급8,590",2시간전
서울 양천구, 버거킹 염창역점,18:00~01:00,"시급8,590",2시간전
서울 양천구, 버거킹 염창역점,18:00~01:00,"시급8,590",2시간전
경기 군포시, 버거킹 산본중앙점,09:00~17:00,"시급8,590",2시간전
인천 연수구, 버거킹 인천송도SK점,18:00~02:00,"시급8,590",2시간전
서울 양천구, 버거킹 염창역점,18:00~01:00,"시급8,590",2시간전
서울 중구, 버거킹 숭례문점(S),00:00~24:00,"시급8,590",2시간전
경기 시흥시, 버거킹 배곧아브뉴프랑점,08:00~13:00,"시급8,590",2시간전
인천 연수구, 버거킹 인천송도SK점,18:00~02:00,"시급8,590",2시간전
경기 평택시, 버거킹 평택죽백DT점,08:00~24:00,"시급8,590",2시간전
서울 중구, 버거킹 숭례문점(S),00:00~24:00,"시급8,590",2시간전
서울 중구, 버거킹 숭례문점(S),00:00~24:00,"시급8,590",2시간전
경기 수원시, 버거킹 수원역사1점,00:00~24:00,"시급8,590",2시간전
경기 평택시, 버거킹 평택죽백DT점,08:00~24:00,"시급8,590",2시간전
경기 수원시, 버거킹 수원역사1점,00:00~24:00,"시급8,590",2시간전
서울 도봉구, 버거킹 쌍문점,18:00~01:30,"시급8,590",2시간전
세종 전체, 버거킹 세종고운점,08:00~24:50,"시급8,590",2시간전
세종 전체, 버거킹 세종고운점,08:00~24:50,"시급8,590",2시간전
부산 해운대, 버거킹 부산센텀오일뱅크점,09:00~17:00,"시급8,590",2시간전
서울 강남구, 버거킹 대치점,01:00~00:00,"시급8,590",2시간전
서울 강남구, 버거킹 대치점,01:00~00:00,"시급8,590",2시간전
경기 수원시, 버거킹 수원역사1점,00:00~24:00,"시급8,590",2시간전
경기 안성시, ABC MART,10:00~23:00,"월급721,580",4분전
경기 오산시, ABC MART,10:00~23:00,"월급721,580",3시간전
충남 서산시, ABC MART,10:00~23:00,"월급721,580",3시간전
경기 평택시, ABC MART,10:00~23:00,"월급721,580",3시간전
경기 화성시, ABC MART,10:00~22:00,"월급721,580",18시간전
경기 고양시, ABC MART,10:00~22:00,"월급1,795,310",04/18
경기 용인시, 유니클로 기흥 롯데라이프스타일몰,08:00~21:00,"시급8,612",11시간전
서울 영등포, 유니클로 영등포 타임스퀘어점,00:00~24:00,"시급8,870",13시간전
경기 시흥시, 유니클로 이마트 시화점,08:00~22:30,"월급1,850,000",04/19
울산 북구, 유니클로 울산 진장점,08:30~22:00,"시급8,870",04/19
경남 김해시, 유니클로 신세계백화점 김해점,08:00~20:30,"시급8,870",04/19
경남 김해시, 유니클로 롯데마트 장유점,08:30~22:30,"시급8,870",04/17
경남 거제시, 유니클로 디큐브 백화점 거제점,08:30~21:00,"시급8,870",04/13
전남 여수시, 스타벅스커피 코리아 여수학동DT,06:30~24:00,"시급8,800",5분전
경기 용인시, 스타벅스커피 코리아 용인보정점,06:30~24:00,"시급8,800",28분전
전북 익산시, 익산모현,07:00~24:00,"시급8,800",32분전
전북 익산시, 스타벅스커피 코리아 익산영등DT,07:00~24:00,"시급8,800",41분전
전북 익산시, 익산모현,07:00~24:00,"시급8,800",44분전
경기 평택시, 스타벅스커피 코리아 평택AK플라자점,06:00~23:00,"시급8,800",48분전
강원 춘천시, 스타벅스커피 코리아 춘천이마트점,09:00~23:00,"시급8,800",57분전
충남 아산시, 아산탕정,07:30~23:00,"시급8,800",1시간전
전남 순천시, 스타벅스커피 코리아 스타벅스 순천연향,07:00~24:00,"시급8,800",2시간전
전남 나주시, 스타벅스커피 코리아 전남나주점,06:30~24:00,"시급8,800",2시간전
경기 여주시, 스타벅스커피 코리아 여주P.아울렛입구,09:30~22:00,"시급8,800",2시간전
경기 여주시, 스타벅스커피 코리아 여주P.아울렛,09:00~22:00,"시급8,800",2시간전
광주 광산구, 스타벅스커피 코리아 광주쌍암점,06:30~21:30,"시급8,800",2시간전
광주 북구, 스타벅스커피 코리아 광주첨단신용점,07:00~24:00,"시급8,800",2시간전
광주 북구, 스타벅스커피 코리아 광주일곡,07:00~24:00,"시급8,800",2시간전
광주 북구, 스타벅스커피 코리아 광주용두DT점,06:30~00:00,"시급8,800",2시간전
경기 평택시, 스타벅스커피 코리아 평택서정DT점,06:00~24:00,"시급8,800",2시간전
경기 화성시, 스타벅스 화성향남점,06:30~23:00,"시급8,800",2시간전
경기 용인시, 스타벅스커피 코리아 수지동천점,06:30~24:00,"시급8,800",3시간전
경기 광명시, 스타벅스커피 코리아 광명소하,07:00~22:00,"시급8,800",3시간전
경기 여주시, 스타벅스커피 코리아 여주P.아울렛,09:00~22:00,"시급8,800",3시간전
전남 여수시, 스타벅스커피 코리아 여수웅천점,08:30~23:00,"시급8,800",3시간전
제주 전체, 스타벅스커피 코리아 제주송악산점,08:30~18:30,"시급8,800",3시간전
경기 이천시, 스타벅스커피 코리아 이천증포DT,06:30~24:00,"시급8,800",3시간전
전남 여수시, 스타벅스커피 코리아 스타벅스 여수해양,08:00~23:00,"시급8,800",4시간전
경기 화성시, 스타벅스커피 코리아 신영통DT점,06:30~24:00,"시급8,800",4시간전
충북 전체, 스타벅스커피 코리아 청주성화점,07:30~23:00,"시급8,800",4시간전
전남 여수시, 스타벅스커피 코리아 여수여천점,06:30~23:00,"시급8,800",4시간전
울산 남구, 스타벅스커피 코리아 울산대점,07:00~23:00,"시급8,800",4시간전
전남 여수시, 스타벅스커피 코리아 여수여서점,08:00~23:00,"시급8,800",4시간전
경기 여주시, 스타벅스커피 코리아 여주P.아울렛,09:00~22:00,"시급8,800",4시간전
광주 북구, 스타벅스커피 코리아 광주운암DT점,07:00~23:00,"시급8,800",7시간전
전남 여수시, 스타벅스커피 코리아 여수둔덕DT,06:30~24:00,"시급8,800",9시간전
전남 여수시, 스타벅스커피 코리아 스타벅스 여수해양,08:00~23:00,"시급8,800",9시간전
서울 은평구, 연신내역사거리,06:30~24:00,"시급8,800",10시간전
전남 여수시, 스타벅스커피 코리아 여수웅천점,08:30~23:00,"시급8,800",18시간전
광주 광산구, 스타벅스커피 코리아 광주송정역,06:00~24:00,"시급8,800",04/19
광주 서구, 스타벅스커피 코리아 광주동림점,07:00~23:00,"시급8,800",04/19
전남 여수시, 스타벅스커피 코리아 여수여서점,08:00~23:00,"시급8,800",04/18
전남 여수시, 스타벅스커피 코리아 여수학동DT,06:30~24:00,"시급8,800",04/18
경기 이천시, 스타벅스커피 코리아 이천증포DT,06:30~24:00,"시급8,800",04/18
전남 나주시, 스타벅스커피 코리아 전남나주점,06:30~24:00,"시급8,800",04/18
경기 이천시, 스타벅스커피 코리아 이천증포DT,06:30~24:00,"시급8,800",04/17
경기 성남시, 스타벅스커피 코리아 수지동천점,06:30~24:00,"시급8,800",04/17
전남 여수시, 스타벅스커피 코리아 여수웅천점,08:30~23:00,"시급8,800",04/17
충남 논산시, 스타벅스커피 코리아 논산중앙점,07:30~24:00,"시급8,800",04/17
경기 고양시, 스타벅스커피 코리아 웨스턴돔B점,07:00~23:00,"시급8,800",04/16
충북 청주시, 청주오송,06:30~24:00,"시급8,800",04/16
전남 순천시, 스타벅스커피 코리아 순천신대,06:30~11:00,"시급8,800",04/16
전남 여수시, 스타벅스커피 코리아 여수여천점,06:30~23:00,"시급8,800",04/16
경기 용인시, (주)지오다노,12:00~21:00,"월급1,900,000",04/17
경기 전체, (주)지오다노,09:30~21:00,"연봉21,600,000",04/15
경기 용인시, (주)지오다노,12:00~21:00,"월급1,900,000",04/14
경기 전체, (주)지오다노,09:30~21:00,"연봉21,600,000",04/13
경기 전체, (주)지오다노,09:30~21:00,"연봉21,600,000",04/11
경기 용인시, (주)지오다노,12:00~21:00,"월급1,900,000",04/10
경기 용인시, (주)지오다노,12:00~21:00,"월급1,900,000",04/08
경기 전체, (주)지오다노,09:30~21:00,"연봉21,600,000",04/08
경기 전체, (주)지오다노,09:30~21:00,"연봉21,600,000",04/07
경기 용인시, (주)지오다노,12:00~21:00,"월급1,900,000",04/06
서울 영등포, 여의도,09:00~17:00,"연봉24,500,000",2시간전
서울 전체, KFC 불광역,09:00~24:00,"연봉28,000,000",2시간전
서울 은평구, 응암역,09:00~24:00,"시급8,590",2시간전
서울 은평구, 응암역,09:00~18:00,"연봉24,500,000",2시간전
경기 이천시, 이천터미널,09:00~22:30,"시급8,590",3시간전
서울 서대문, 이대,09:30~24:00,"연봉24,500,000",3시간전
서울 서대문, KFC 신촌역,09:30~23:00,"연봉24,500,000",3시간전
경기 성남시, 정자역,18:00~24:00,"시급8,590",3시간전
서울 마포구, 홍익대,10:00~18:00,"시급8,590",4시간전
서울 은평구, KFC 연신내역,18:00~00:00,"시급8,590",4시간전
경기 성남시, 서현역,16:00~24:00,"시급8,590",5시간전
서울 관악구, 서울대입구역,12:00~24:50,"시급8,590",8시간전
충남 당진시, 청주메가폴리스,09:30~23:00,"시급8,590",04/19
경기 과천시, 서울대공원,09:00~18:00,"시급8,590",04/18
인천 전체, 부평역,17:00~24:00,"시급8,590",04/16
대구 달서구, 대구성서,12:00~24:00,"시급8,590",04/14
서울 중랑구, 사가정,08:00~03:00,"시급8,590",04/13
서울 서초구, KFC 강남역점,17:00~24:30,"시급8,590",04/13
서울 서초구, KFC 강남역점,17:00~23:00,"시급8,590",04/13
충남 당진시, 청주메가폴리스,09:30~23:00,"시급8,590",04/13
충남 당진시, 청주메가폴리스,09:30~23:00,"시급8,590",04/13
충남 당진시, 청주메가폴리스,09:30~23:00,"시급8,590",04/13
부산 기장군, 부산정관,15:00~19:00,"시급8,590",04/12
경기 성남시, 분당정자,09:30~23:00,"시급8,590",04/11
충남 당진시, 청주메가폴리스,09:30~23:00,"시급8,590",04/10
충남 당진시, KFC 본사,09:00~18:00,"시급8,590",04/10
대전 중구, 대전오류동,16:00~23:00,"시급8,590",04/09
인천 전체, 부평역,17:00~24:00,"시급8,590",04/09
경기 성남시, KFC 성남태평,09:00~24:00,"시급8,590",04/08
서울 서초구, 강남고속터미널,18:00~01:00,"시급8,590",04/08
대전 서구, 대전타임월드,16:00~24:00,"시급8,590",04/06
서울 영등포, 동여의도,09:30~22:30,"시급8,590",04/05
경기 과천시, 서울대공원,09:00~20:00,"시급8,590",04/05
서울 강동구, 7번가피자 성내점,17:00~22:00,"시급10,500",4분전
서울 강동구, 7번가피자 성내점,17:00~22:00,"시급10,500",8분전
전남 순천시, 7번가피자 순천신대점,16:00~22:00,"시급8,800",3시간전
경기 고양시, 7번가피자 화정점,18:00~10:30,"월급1,100,000",3시간전
전남 순천시, 7번가피자 순천신대점,16:00~22:00,"시급8,800",5시간전
서울 동대문, 7번가피자 장안점,16:00~22:00,"시급9,000",5시간전
서울 동대문, 7번가피자 장안점,16:00~22:00,"시급9,000",5시간전
서울 동대문, 7번가피자 장안점,16:00~22:00,"시급9,000",6시간전
서울 강동구, 7번가피자 성내점,17:00~22:00,"시급10,500",6시간전
서울 동대문, 7번가피자 장안점,16:00~22:00,"시급9,000",6시간전
서울 송파구, 7번가피자 잠실새내점,17:00~22:00,"시급8,590",7시간전
서울 강동구, 7번가피자 성내점,17:00~22:00,"시급10,500",7시간전
서울 강동구, 7번가피자 성내점,17:00~22:00,"시급10,500",8시간전
충북 청주시, 7번가피자 율량점,12:00~23:00,"시급8,700",8시간전
전남 순천시, 7번가피자 순천신대점,16:00~22:00,"시급8,800",12시간전
경기 고양시, 7번가피자 화정점,18:00~10:30,"월급1,100,000",04/20
경기 용인시, 7번가피자 동백점,16:00~22:00,"시급8,590",04/19
대전 대덕구, 7번가피자 송촌점,11:00~21:00,"월급2,000,000",04/19
경기 용인시, 7번가피자 동백점,16:00~22:00,"시급8,590",04/18
경기 고양시, 7번가피자 화정점,18:00~10:30,"월급1,100,000",04/17
서울 서초구, 칠번가피자  서초교대점,11:00~22:00,"월급2,200,000",04/17
서울 성동구, 7번가피자한양대점,11:00~23:00,"시급10,500",04/14
대구 북구, 7번가피자 칠곡점,18:00~23:00,"시급9,200",04/14
서울 구로구, 패스트앤베스트,11:00~24:00,"월급3,000,000",04/12
전국 전체, 7번가피자 강일점,11:00~22:30,"시급8,590",04/11
서울 구로구, 패스트앤베스트,11:00~24:00,"월급3,000,000",04/10
대전 유성구, 7번가피자 노은점,18:00~23:30,"시급10,000",04/10
대구 동구, 7번가피자 이시아폴리스점,17:00~22:00,"시급8,590",04/09
부산 기장군, 7번가피자 기장점,17:00~23:00,"시급10,000",04/07
경기 용인시, 7번가피자 수지점,11:00~22:00,"월급2,500,000",04/04
경기 남양주, 노브랜드 남양주 진접점,11:00~22:00,"시급9,700",4분전
경기 평택시, 노브랜드 평택중앙로점,10:30~22:30,"시급9,700",23분전
경기 용인시, 노브랜드NO-BRAND 용인삼가점,09:00~17:00,"시급9,700",37분전
서울 노원구, (주)이마트,09:00~22:30,"시급9,700",49분전
경남 거제시, (주)이마트,09:00~22:00,"시급9,700",2시간전
경기 평택시, (주)이마트,11:00~22:00,"시급9,410",2시간전
경기 남양주, (주)이마트,11:00~22:30,"시급9,700",2시간전
경기 파주시, 노브랜드 파주아울렛점,08:00~21:30,"시급9,700",5시간전
경기 전체, (주)이마트,11:00~22:30,"시급9,700",11시간전
경기 평택시, 노브랜드 평택비전2호점,10:30~22:00,"시급9,700",11시간전
경기 남양주, (주)이마트 노브랜드,09:00~22:00,"시급9,700",16시간전
서울 동대문, 노브랜드 서울경동시장점,12:00~20:00,"시급9,700",04/19
경기 성남시, 노브랜드 판교운중점,09:00~22:00,"시급9,700",04/19
경기 성남시, 노브랜드 판교운중점,09:00~22:00,"시급9,700",04/19
서울 동대문, 노브랜드 서울경동시장점,12:00~20:00,"시급9,700",04/18
경기 화성시, 노브랜드 화성능동점,10:30~22:30,"시급9,700",04/15
경기 화성시, (주)이마트,09:30~22:00,"시급9,700",04/15
경기 하남시, (주)이마트,11:00~19:00,"시급9,700",04/15
경기 용인시, (주)이마트,09:00~17:00,"시급9,700",04/15
경기 양주시, 노브랜드양주광사점,11:00~22:00,"시급9,700",04/15
경기 오산시, 노브랜드 오산수청점,10:30~22:00,"시급9,700",04/13
서울 동대문, (주)이마트,08:00~22:00,"시급9,700",04/13
경남 양산시, (주)이마트 노브랜드 양산물금2점,09:00~22:30,"시급9,700",04/12
경기 의정부, 노브랜드 녹양점,09:30~22:30,"시급9,700",04/12
경기 남양주, (주)이마트,11:00~22:30,"시급9,700",04/08
대전 서구, (주)이마트(노브랜드 대전가수원점),09:00~22:30,"시급9,700",04/08
경기 하남시, (주)이마트,11:00~22:30,"시급9,700",04/08
경기 고양시, 노브랜드 고양 행신점,08:00~22:00,"시급9,700",04/08
경기 오산시, 노브랜드 오산수청점,10:30~22:00,"시급9,700",04/07
경북 문경시, (주)이마트,10:00~22:00,"시급9,700",04/07
경기 고양시, 노브랜드 고양 행신점,08:00~22:00,"시급9,700",04/07
대전 전체, (주)이마트,00:00~24:00,"시급9,700",04/06
경기 성남시, (주)이마트,09:00~22:30,"시급9,700",04/04
경기 성남시, (주)이마트,09:00~22:30,"시급9,700",04/04
경기 용인시, (주)이마트,09:00~17:00,"시급9,700",04/04
서울 구로구, (주)신세계엘앤비,13:00~21:00,"시급11,000",1시간전
경기 하남시, (주)신세계엘앤비,13:00~21:00,"시급11,000",2시간전
경기 시흥시, (주)신세계엘앤비,13:00~21:00,"시급11,000",2시간전
경기 부천시, (주)신세계엘앤비,13:00~21:00,"시급11,000",2시간전
경기 성남시, (주)신세계엘앤비,13:00~21:00,"시급11,000",3시간전
경기 성남시, (주)신세계엘앤비,13:00~21:00,"시급11,000",3시간전
충남 천안시, (주)신세계엘앤비,10:30~20:30,"일급77,000",3시간전
충남 천안시, (주)신세계엘앤비,10:30~20:30,"일급77,000",3시간전
인천 남동구, 멕시카나 구월로데오점(인남),18:00~24:00,"시급10,000",53분전
경기 화성시, 멕시카나 동탄점,17:00~23:00,"시급10,000",3시간전
충북 청주시, 멕시카나 옥산점(중부),18:00~23:00,"시급8,590",3시간전
서울 관악구, 멕시카나 신림점,17:00~05:00,"월급3,200,000",3시간전
서울 관악구, 멕시카나 신림점,17:00~05:00,"월급3,200,000",3시간전
경남 사천시, 멕시카나 사남점,17:30~20:30,"시급8,590",19시간전
서울 관악구, 멕시카나 신림점,19:00~07:00,"주급750,000",04/18
경북 구미시, 멕시카나 문성점(영남),16:00~24:00,"시급8,590",04/18
경북 구미시, 멕시카나 문성점(영남),16:00~24:00,"시급8,590",04/18
서울 관악구, 멕시카나 신림점,17:00~05:00,"주급750,000",04/17
인천 계양구, 멕시카나 서해,17:00~24:00,"시급10,000",04/17
인천 계양구, 멕시카나 서해,17:00~24:00,"시급10,000",04/17
서울 관악구, 멕시카나 신림점,17:00~05:00,"주급750,000",04/13
경기 시흥시, 멕시카나 배곧해피점,18:00~23:00,"시급8,590",04/11
인천 계양구, 멕시카나 서해,18:00~22:00,"시급10,000",04/10
인천 계양구, 멕시카나 서해,18:00~22:00,"시급10,000",04/09
서울 서초구, 멕시카나 신논현역점,17:00~23:00,"시급9,000",04/07
전북 군산시, 멕시카나 나운2지곡점,17:00~00:00,"시급9,000",04/06
경기 안성시, 멕시카나 안성공도점,18:00~23:00,"시급9,000",04/04
인천 부평구, 날라가 인천부평구점,10:00~03:00,"월급5,000,000",3시간전
대구 수성구, 날라가 대구수성점,10:00~24:00,"일급150,000",4시간전
대구 수성구, 날라가 대구수성점,11:00~24:00,"일급150,000",4시간전
대구 수성구, 날라가 대구수성구지산점,11:00~02:00,"일급150,000",5시간전
경기 부천시, 날라가 경기부천총괄본부,11:00~02:00,"일급150,000",7시간전
세종 전체, 날라가 세종시점,09:00~02:00,"일급200,000",04/19
세종 전체, 날라가 세종시점,09:00~02:00,"일급200,000",04/19
충남 논산시, 날라가 충남논산시점,11:00~23:00,"건별3,000",04/19
경기 화성시, 날라가 경기화성점,10:00~04:00,"월급5,000,000",04/18
세종 전체, 날라가 세종시점,09:00~02:00,"일급200,000",04/18
충남 논산시, 날라가 충남논산시점,11:00~23:00,"건별3,000",04/17
경기 안산시, 날라가 경기안산점,10:00~02:00,"건별3,000",04/13
충남 보령시, 날라가 충남보령점,11:00~24:00,"시급15,000",04/12
부산 기장군, 날라가 부산정관점,09:00~02:00,"건별3,000",04/11
충남 논산시, 날라가 충남논산시점,11:00~23:00,"건별3,000",04/07
경남 김해시, 날라가 경남김해시동상동점,11:00~23:00,"시급12,000",04/05
경남 김해시, 날라가 경남김해시동상동점,11:00~23:00,"시급12,000",04/04
경기 하남시, 채선당 자연한가득 하남미사점,10:00~22:00,"월급2,600,000",2시간전
경기 고양시, 행복가마솥밥 롯데백화점 일산점,12:00~17:00,"시급8,590",04/20
서울 은평구, 샤브보트 롯데몰 은평점,10:00~22:00,"시급8,590",04/18
경기 하남시, 채선당 자연한가득 하남미사점,10:00~22:00,"월급2,600,000",04/16
경기 시흥시, 채선당 월남쌈샤브 시흥은계점,10:00~15:00,"시급8,590",04/13
서울 노원구, 샤브보트 세이브존 노원점,12:00~15:00,"시급8,600",04/11
서울 금천구, 행복가마솥밥 홈플러스 시흥점,09:30~21:30,"월급2,550,000",04/11
강원 춘천시, 채선당 춘천후평점,18:00~21:30,"시급8,590",04/10
경기 성남시, (주)달리자,11:00~21:00,"시급10,686",5시간전
경기 성남시, (주)달리자,11:00~21:00,"시급10,686",5시간전
경기 성남시, (주)달리자,11:00~21:00,"시급10,686",5시간전
경기 광명시, (주)달리자,11:00~21:00,"시급10,686",04/17
경기 광명시, (주)달리자,11:00~21:00,"시급10,686",04/17
인천 연수구, (주)달리자,11:00~21:00,"시급10,686",04/17
인천 연수구, (주)달리자,11:00~21:00,"시급10,686",04/17
인천 연수구, (주)달리자,11:00~21:00,"시급10,686",04/17
인천 연수구, (주)달리자,11:00~21:00,"시급10,686",04/17
경기 구리시, (주)달리자,11:00~21:00,"시급10,686",04/17
경기 고양시, (주)달리자,11:00~21:00,"시급10,686",04/17
경기 고양시, (주)달리자,11:00~21:00,"시급10,686",04/17
경기 고양시, (주)달리자,11:00~21:00,"시급10,686",04/17
경기 고양시, (주)달리자,11:00~21:00,"시급10,686",04/17
인천 연수구, (주)달리자,11:00~21:00,"시급10,686",04/17
